retailer_id,image_url,filename
18MC001,https://www.warrenjames.co.uk/_assets/images/products/images_grey/1000/18MC001.jpg,18MC001.jpg
18MB001,https://www.warrenjames.co.uk/_assets/images/products/images_grey/1000/18MB001.jpg,18MB001.jpg
18ME001,https://www.warrenjames.co.uk/_assets/images/products/images_grey/1000/18ME001.jpg,18ME001.jpg
18MB003,https://www.warrenjames.co.uk/_assets/images/products/images_grey/1000/18MB003.jpg,18MB003.jpg
18MB002,https://www.warrenjames.co.uk/_assets/images/products/images_grey/1000/18MB002.jpg,18MB002.jpg
18ME002,https://www.warrenjames.co.uk/_assets/images/products/images_grey/1000/18ME002.jpg,18ME002.jpg
18MB004,https://www.warrenjames.co.uk/_assets/images/products/images_grey/1000/18MB004.jpg,18MB004.jpg
18MB006,https://www.warrenjames.co.uk/_assets/images/products/images_grey/1000/18MB006.jpg,18MB006.jpg
18ME003,https://www.warrenjames.co.uk/_assets/images/products/images_grey/1000/18ME003.jpg,18ME003.jpg
18ME005,https://www.warrenjames.co.uk/_assets/images/products/images_grey/1000/18ME005.jpg,18ME005.jpg
18MB008,https://www.warrenjames.co.uk/_assets/images/products/images_grey/1000/18MB008.jpg,18MB008.jpg
18MB005,https://www.warrenjames.co.uk/_assets/images/products/images_grey/1000/18MB005.jpg,18MB005.jpg
18MN001,https://www.warrenjames.co.uk/_assets/images/products/images_grey/1000/18MN001.jpg,18MN001.jpg
18MB007,https://www.warrenjames.co.uk/_assets/images/products/images_grey/1000/18MB007.jpg,18MB007.jpg
18ME004,https://www.warrenjames.co.uk/_assets/images/products/images_grey/1000/18ME004.jpg,18ME004.jpg
18SE009,https://www.warrenjames.co.uk/_assets/images/products/images_grey/1000/18SE009.jpg,18SE009.jpg
18SE011,https://www.warrenjames.co.uk/_assets/images/products/images_grey/1000/18SE011.jpg,18SE011.jpg
18SE010,https://www.warrenjames.co.uk/_assets/images/products/images_grey/1000/18SE010.jpg,18SE010.jpg
8LRW018,https://www.warrenjames.co.uk/_assets/images/products/images_grey/1000/8LRW018.jpg,8LRW018.jpg
"9LGP003/18CH276",https://www.warrenjames.co.uk/_assets/images/products/images_grey/1000/9LGP003_18CH276.jpg,9LGP003_18CH276.jpg
9LRY051,https://www.warrenjames.co.uk/_assets/images/products/images_grey/1000/9LRY051.jpg,9LRY051.jpg
9LRY052,https://www.warrenjames.co.uk/_assets/images/products/images_grey/1000/9LRY052.jpg,9LRY052.jpg
9LRW053,https://www.warrenjames.co.uk/_assets/images/products/images_grey/1000/9LRW053.jpg,9LRW053.jpg
9LRY053,https://www.warrenjames.co.uk/_assets/images/products/images_grey/1000/9LRY053.jpg,9LRY053.jpg
AWIP001,https://www.warrenjames.co.uk/_assets/images/products/images_grey/1000/AWIP001.jpg,AWIP001.jpg
AWIE001,https://www.warrenjames.co.uk/_assets/images/products/images_grey/1000/AWIE001.jpg,AWIE001.jpg
AWIK001,https://www.warrenjames.co.uk/_assets/images/products/images_grey/1000/AWIK001.jpg,AWIK001.jpg
AWIC001,https://www.warrenjames.co.uk/_assets/images/products/images_grey/1000/AWIC001.jpg,AWIC001.jpg
AWIB001,https://www.warrenjames.co.uk/_assets/images/products/images_grey/1000/AWIB001.jpg,AWIB001.jpg
AWIN001,https://www.warrenjames.co.uk/_assets/images/products/images_grey/1000/AWIN001.jpg,AWIN001.jpg
AWIL001,https://www.warrenjames.co.uk/_assets/images/products/images_grey/1000/AWIL001.jpg,AWIL001.jpg
AWIH001,https://www.warrenjames.co.uk/_assets/images/products/images_grey/1000/AWIH001.jpg,AWIH001.jpg
AWIS001,https://www.warrenjames.co.uk/_assets/images/products/images_grey/1000/AWIS001.jpg,AWIS001.jpg
AWIT001,https://www.warrenjames.co.uk/_assets/images/products/images_grey/1000/AWIT001.jpg,AWIT001.jpg
AWID001,https://www.warrenjames.co.uk/_assets/images/products/images_grey/1000/AWID001.jpg,AWID001.jpg
AWIR001,https://www.warrenjames.co.uk/_assets/images/products/images_grey/1000/AWIR001.jpg,AWIR001.jpg
AWIJ001,https://www.warrenjames.co.uk/_assets/images/products/images_grey/1000/AWIJ001.jpg,AWIJ001.jpg
AWIA001,https://www.warrenjames.co.uk/_assets/images/products/images_grey/1000/AWIA001.jpg,AWIA001.jpg
GOSR001,https://www.warrenjames.co.uk/_assets/images/products/images_grey/1000/GOSR001.jpg,GOSR001.jpg
LDSJ032,https://www.warrenjames.co.uk/_assets/images/products/images_grey/1000/LDSJ032.jpg,LDSJ032.jpg
LDSJ033,https://www.warrenjames.co.uk/_assets/images/products/images_grey/1000/LDSJ033.jpg,LDSJ033.jpg
LDSJ031,https://www.warrenjames.co.uk/_assets/images/products/images_grey/1000/LDSJ031.jpg,LDSJ031.jpg
LDSJ030,https://www.warrenjames.co.uk/_assets/images/products/images_grey/1000/LDSJ030.jpg,LDSJ030.jpg
SLGR015,https://www.warrenjames.co.uk/_assets/images/products/images_grey/1000/SLGR015.jpg,SLGR015.jpg
SLGN002,https://www.warrenjames.co.uk/_assets/images/products/images_grey/1000/SLGN002.jpg,SLGN002.jpg
SLGR014,https://www.warrenjames.co.uk/_assets/images/products/images_grey/1000/SLGR014.jpg,SLGR014.jpg
"SLGP007/SCHN154",https://www.warrenjames.co.uk/_assets/images/products/images_grey/1000/SLGP007_SCHN154.jpg,SLGP007_SCHN154.jpg
SLGR011,https://www.warrenjames.co.uk/_assets/images/products/images_grey/1000/SLGR011.jpg,SLGR011.jpg
SLGN001,https://www.warrenjames.co.uk/_assets/images/products/images_grey/1000/SLGN001.jpg,SLGN001.jpg
"SLGP008/SCHN154",https://www.warrenjames.co.uk/_assets/images/products/images_grey/1000/SLGP008_SCHN154.jpg,SLGP008_SCHN154.jpg
SLGR012,https://www.warrenjames.co.uk/_assets/images/products/images_grey/1000/SLGR012.jpg,SLGR012.jpg
SLGR016,https://www.warrenjames.co.uk/_assets/images/products/images_grey/1000/SLGR016.jpg,SLGR016.jpg
SLGR010,https://www.warrenjames.co.uk/_assets/images/products/images_grey/1000/SLGR010.jpg,SLGR010.jpg
SLGE008,https://www.warrenjames.co.uk/_assets/images/products/images_grey/1000/SLGE008.jpg,SLGE008.jpg
SLGR009,https://www.warrenjames.co.uk/_assets/images/products/images_grey/1000/SLGR009.jpg,SLGR009.jpg
SLGE009,https://www.warrenjames.co.uk/_assets/images/products/images_grey/1000/SLGE009.jpg,SLGE009.jpg
SLGE010,https://www.warrenjames.co.uk/_assets/images/products/images_grey/1000/SLGE010.jpg,SLGE010.jpg
SLGE007,https://www.warrenjames.co.uk/_assets/images/products/images_grey/1000/SLGE007.jpg,SLGE007.jpg
SMRI005,https://www.warrenjames.co.uk/_assets/images/products/images_grey/1000/SMRI005.jpg,SMRI005.jpg
SMRI007,https://www.warrenjames.co.uk/_assets/images/products/images_grey/1000/SMRI007.jpg,SMRI007.jpg
"SPEN533/SCHN154",https://www.warrenjames.co.uk/_assets/images/products/images_grey/1000/SPEN533_SCHN154.jpg,SPEN533_SCHN154.jpg
SRNG462,https://www.warrenjames.co.uk/_assets/images/products/images_grey/1000/SRNG462.jpg,SRNG462.jpg
SSBR043,https://www.warrenjames.co.uk/_assets/images/products/images_grey/1000/SSBR043.jpg,SSBR043.jpg
SSBR033,https://www.warrenjames.co.uk/_assets/images/products/images_grey/1000/SSBR033.jpg,SSBR033.jpg
SSBR034,https://www.warrenjames.co.uk/_assets/images/products/images_grey/1000/SSBR034.jpg,SSBR034.jpg
SSBR045,https://www.warrenjames.co.uk/_assets/images/products/images_grey/1000/SSBR045.jpg,SSBR045.jpg
SSBR032,https://www.warrenjames.co.uk/_assets/images/products/images_grey/1000/SSBR032.jpg,SSBR032.jpg
SSBR030,https://www.warrenjames.co.uk/_assets/images/products/images_grey/1000/SSBR030.jpg,SSBR030.jpg
SSBR031,https://www.warrenjames.co.uk/_assets/images/products/images_grey/1000/SSBR031.jpg,SSBR031.jpg
SSEA003,https://www.warrenjames.co.uk/_assets/images/products/images_grey/1000/SSEA003.jpg,SSEA003.jpg
SSEA004,https://www.warrenjames.co.uk/_assets/images/products/images_grey/1000/SSEA004.jpg,SSEA004.jpg
SSEA006,https://www.warrenjames.co.uk/_assets/images/products/images_grey/1000/SSEA006.jpg,SSEA006.jpg
SSEA005,https://www.warrenjames.co.uk/_assets/images/products/images_grey/1000/SSEA005.jpg,SSEA005.jpg
SSNL034,https://www.warrenjames.co.uk/_assets/images/products/images_grey/1000/SSNL034.jpg,SSNL034.jpg
SSNL044,https://www.warrenjames.co.uk/_assets/images/products/images_grey/1000/SSNL044.jpg,SSNL044.jpg
SSNL039,https://www.warrenjames.co.uk/_assets/images/products/images_grey/1000/SSNL039.jpg,SSNL039.jpg
SSNL040,https://www.warrenjames.co.uk/_assets/images/products/images_grey/1000/SSNL040.jpg,SSNL040.jpg
SSNL043,https://www.warrenjames.co.uk/_assets/images/products/images_grey/1000/SSNL043.jpg,SSNL043.jpg
SSNL045,https://www.warrenjames.co.uk/_assets/images/products/images_grey/1000/SSNL045.jpg,SSNL045.jpg
SSNL038,https://www.warrenjames.co.uk/_assets/images/products/images_grey/1000/SSNL038.jpg,SSNL038.jpg
SSNL041,https://www.warrenjames.co.uk/_assets/images/products/images_grey/1000/SSNL041.jpg,SSNL041.jpg
SSRI001,https://www.warrenjames.co.uk/_assets/images/products/images_grey/1000/SSRI001.jpg,SSRI001.jpg
SSSE441,https://www.warrenjames.co.uk/_assets/images/products/images_grey/1000/SSSE441.jpg,SSSE441.jpg
SSSE437,https://www.warrenjames.co.uk/_assets/images/products/images_grey/1000/SSSE437.jpg,SSSE437.jpg
SSSE438,https://www.warrenjames.co.uk/_assets/images/products/images_grey/1000/SSSE438.jpg,SSSE438.jpg
SSSE440,https://www.warrenjames.co.uk/_assets/images/products/images_grey/1000/SSSE440.jpg,SSSE440.jpg
SSSE442,https://www.warrenjames.co.uk/_assets/images/products/images_grey/1000/SSSE442.jpg,SSSE442.jpg
TITA043,https://www.warrenjames.co.uk/_assets/images/products/images_grey/1000/TITA043.jpg,TITA043.jpg
TITA045,https://www.warrenjames.co.uk/_assets/images/products/images_grey/1000/TITA045.jpg,TITA045.jpg
TITA049,https://www.warrenjames.co.uk/_assets/images/products/images_grey/1000/TITA049.jpg,TITA049.jpg
TITA051,https://www.warrenjames.co.uk/_assets/images/products/images_grey/1000/TITA051.jpg,TITA051.jpg
TITA048,https://www.warrenjames.co.uk/_assets/images/products/images_grey/1000/TITA048.jpg,TITA048.jpg
TITA047,https://www.warrenjames.co.uk/_assets/images/products/images_grey/1000/TITA047.jpg,TITA047.jpg
VEER118,https://www.warrenjames.co.uk/_assets/images/products/images_grey/1000/VEER118.jpg,VEER118.jpg
VEER117,https://www.warrenjames.co.uk/_assets/images/products/images_grey/1000/VEER117.jpg,VEER117.jpg
VEPE027,https://www.warrenjames.co.uk/_assets/images/products/images_grey/1000/VEPE027.jpg,VEPE027.jpg
VLGE003,https://www.warrenjames.co.uk/_assets/images/products/images_grey/1000/VLGE003.jpg,VLGE003.jpg
WEBS237,https://www.warrenjames.co.uk/_assets/images/products/images_grey/1000/WEBS237.jpg,WEBS237.jpg
WEBS238,https://www.warrenjames.co.uk/_assets/images/products/images_grey/1000/WEBS238.jpg,WEBS238.jpg
XBLT302,https://www.warrenjames.co.uk/_assets/images/products/images_grey/1000/XBLT302.jpg,XBLT302.jpg
XBLT301,https://www.warrenjames.co.uk/_assets/images/products/images_grey/1000/XBLT301.jpg,XBLT301.jpg
XBLT303,https://www.warrenjames.co.uk/_assets/images/products/images_grey/1000/XBLT303.jpg,XBLT303.jpg
XBLT305,https://www.warrenjames.co.uk/_assets/images/products/images_grey/1000/XBLT305.jpg,XBLT305.jpg
XBLT304,https://www.warrenjames.co.uk/_assets/images/products/images_grey/1000/XBLT304.jpg,XBLT304.jpg
XCHN021,https://www.warrenjames.co.uk/_assets/images/products/images_grey/1000/XCHN021.jpg,XCHN021.jpg
XCHN020,https://www.warrenjames.co.uk/_assets/images/products/images_grey/1000/XCHN020.jpg,XCHN020.jpg
XCHN022,https://www.warrenjames.co.uk/_assets/images/products/images_grey/1000/XCHN022.jpg,XCHN022.jpg
XCHN025,https://www.warrenjames.co.uk/_assets/images/products/images_grey/1000/XCHN025.jpg,XCHN025.jpg
XCHN026,https://www.warrenjames.co.uk/_assets/images/products/images_grey/1000/XCHN026.jpg,XCHN026.jpg
JBAN049,https://www.warrenjames.co.uk/_assets/images/products/images_grey/1000/JBAN049.jpg,JBAN049.jpg
JBAN047,https://www.warrenjames.co.uk/_assets/images/products/images_grey/1000/JBAN047.jpg,JBAN047.jpg
JBAN048,https://www.warrenjames.co.uk/_assets/images/products/images_grey/1000/JBAN048.jpg,JBAN048.jpg
JBLT208,https://www.warrenjames.co.uk/_assets/images/products/images_grey/1000/JBLT208.jpg,JBLT208.jpg
JBLT205,https://www.warrenjames.co.uk/_assets/images/products/images_grey/1000/JBLT205.jpg,JBLT205.jpg
JBLT207,https://www.warrenjames.co.uk/_assets/images/products/images_grey/1000/JBLT207.jpg,JBLT207.jpg
JEAR206,https://www.warrenjames.co.uk/_assets/images/products/images_grey/1000/JEAR206.jpg,JEAR206.jpg
JEAR207,https://www.warrenjames.co.uk/_assets/images/products/images_grey/1000/JEAR207.jpg,JEAR207.jpg
JEAR205,https://www.warrenjames.co.uk/_assets/images/products/images_grey/1000/JEAR205.jpg,JEAR205.jpg
JPEN187,https://www.warrenjames.co.uk/_assets/images/products/images_grey/1000/JPEN187.jpg,JPEN187.jpg
JPEN185,https://www.warrenjames.co.uk/_assets/images/products/images_grey/1000/JPEN185.jpg,JPEN185.jpg
JPEN177,https://www.warrenjames.co.uk/_assets/images/products/images_grey/1000/JPEN177.jpg,JPEN177.jpg
JPEN179,https://www.warrenjames.co.uk/_assets/images/products/images_grey/1000/JPEN179.jpg,JPEN179.jpg
JPEN182,https://www.warrenjames.co.uk/_assets/images/products/images_grey/1000/JPEN182.jpg,JPEN182.jpg
SLGN004,https://www.warrenjames.co.uk/_assets/images/products/images_grey/1000/SLGN004.jpg,SLGN004.jpg
SLIA001,https://www.warrenjames.co.uk/_assets/images/products/images_grey/1000/SLIA001.jpg,SLIA001.jpg
TITA050,https://www.warrenjames.co.uk/_assets/images/products/images_grey/1000/TITA050.jpg,TITA050.jpg
WLIA002,https://www.warrenjames.co.uk/_assets/images/products/images_grey/1000/WLIA002.jpg,WLIA002.jpg
YLIA003,https://www.warrenjames.co.uk/_assets/images/products/images_grey/1000/YLIA003.jpg,YLIA003.jpg
JBLT209,https://www.warrenjames.co.uk/_assets/images/products/images_grey/1000/JBLT209.jpg,JBLT209.jpg
SLIM001,https://www.warrenjames.co.uk/_assets/images/products/images_grey/1000/SLIM001.jpg,SLIM001.jpg
SLIC001,https://www.warrenjames.co.uk/_assets/images/products/images_grey/1000/SLIC001.jpg,SLIC001.jpg
SLIK001,https://www.warrenjames.co.uk/_assets/images/products/images_grey/1000/SLIK001.jpg,SLIK001.jpg
SLIL001,https://www.warrenjames.co.uk/_assets/images/products/images_grey/1000/SLIL001.jpg,SLIL001.jpg
SLIJ001,https://www.warrenjames.co.uk/_assets/images/products/images_grey/1000/SLIJ001.jpg,SLIJ001.jpg
SLIE001,https://www.warrenjames.co.uk/_assets/images/products/images_grey/1000/SLIE001.jpg,SLIE001.jpg
SLIS001,https://www.warrenjames.co.uk/_assets/images/products/images_grey/1000/SLIS001.jpg,SLIS001.jpg
WLIL002,https://www.warrenjames.co.uk/_assets/images/products/images_grey/1000/WLIL002.jpg,WLIL002.jpg
WLIK002,https://www.warrenjames.co.uk/_assets/images/products/images_grey/1000/WLIK002.jpg,WLIK002.jpg
WLIJ002,https://www.warrenjames.co.uk/_assets/images/products/images_grey/1000/WLIJ002.jpg,WLIJ002.jpg
WLIS002,https://www.warrenjames.co.uk/_assets/images/products/images_grey/1000/WLIS002.jpg,WLIS002.jpg
WLIM002,https://www.warrenjames.co.uk/_assets/images/products/images_grey/1000/WLIM002.jpg,WLIM002.jpg
WLIE002,https://www.warrenjames.co.uk/_assets/images/products/images_grey/1000/WLIE002.jpg,WLIE002.jpg
WLIC002,https://www.warrenjames.co.uk/_assets/images/products/images_grey/1000/WLIC002.jpg,WLIC002.jpg
YLIE003,https://www.warrenjames.co.uk/_assets/images/products/images_grey/1000/YLIE003.jpg,YLIE003.jpg
YLIL003,https://www.warrenjames.co.uk/_assets/images/products/images_grey/1000/YLIL003.jpg,YLIL003.jpg
YLIM003,https://www.warrenjames.co.uk/_assets/images/products/images_grey/1000/YLIM003.jpg,YLIM003.jpg
YLIC003,https://www.warrenjames.co.uk/_assets/images/products/images_grey/1000/YLIC003.jpg,YLIC003.jpg
YLIK003,https://www.warrenjames.co.uk/_assets/images/products/images_grey/1000/YLIK003.jpg,YLIK003.jpg
YLIJ003,https://www.warrenjames.co.uk/_assets/images/products/images_grey/1000/YLIJ003.jpg,YLIJ003.jpg
YLIS003,https://www.warrenjames.co.uk/_assets/images/products/images_grey/1000/YLIS003.jpg,YLIS003.jpg
